token,Symbol,Series
16921,20MICRONS,EQ
4,21STCENMGM,EQ
6232,3IINFOLTD,EQ
474,3MINDIA,EQ
9048,3PLAND,BE
445,5PAISA,EQ
11871,63MOONS,BE
20906,A2ZINFRA,EQ
557,AAATECH,SM
235,AAKASH,EQ
5245,AAREYDRUGS,EQ
1030,AARON,EQ
4481,AARTIDRUGS,EQ
7,AARTIIND,EQ
19233,AARTISURF,EQ
13771,AARVEEDEN,EQ
19073,AARVI,EQ
5385,AAVAS,EQ
10,ABAN,EQ
13,ABB,EQ
17903,ABBOTINDIA,EQ
21614,ABCAPITAL,EQ
7787,ABCOTS,SM
30108,ABFRL,EQ
11022,ABINFRA,SM
5549,ABMINTLLTD,EQ
6018,ABSLAMC,EQ
7339,ABSLNN50ET,EQ
22,ACC,EQ
7053,ACCELYA,EQ
21217,ACCORD,SM
1465,ACCURACY,EQ
13587,ACE,EQ
21286,ACEINTEG,SM
1879,ACRYSIL,EQ
25,ADANIENT,EQ
3563,ADANIGREEN,EQ
15083,ADANIPORTS,EQ
17388,ADANIPOWER,EQ
10217,ADANITRANS,EQ
19761,ADFFOODS,EQ
248,ADL,BE
34,ADORWELD,EQ
4953,ADROITINFO,EQ
14813,ADSL,EQ
14745,ADVANIHOTR,EQ
18039,ADVENZYMES,EQ
40,AEGISCHEM,EQ
11343,AFFLE,EQ
3389,AGARIND,EQ
11076,AGRITECH,BE
9046,AGROPHOS,EQ
7927,AGSTRA,EQ
10769,AHIMSA,SM
2004,AHLADA,EQ
19438,AHLEAST,EQ
17833,AHLUCONT,EQ
13086,AIAENG,EQ
4626,AILIMITED,SM
9897,AIRAN,EQ
6068,AIROLAM,EQ
482,AISL,SM
8124,AJANTPHARM,EQ
17307,AJMERA,EQ
3403,AJOONI,EQ
15393,AJRINFRA,BE
13510,AKASH,EQ
2176,AKG,EQ
20178,AKSHARCHEM,EQ
8591,AKSHOPTFBR,EQ
1467,AKZOINDIA,EQ
9921,ALANKIT,EQ
17256,ALBERTDAVD,EQ
79,ALEMBICLTD,EQ
13656,ALICON,EQ
16963,ALKALI,BE
11703,ALKEM,EQ
4487,ALKYLAMINE,EQ
13501,ALLCARGO,EQ
11798,ALLSEC,EQ
16719,ALMONDZ,EQ
17675,ALOKINDS,EQ
14848,ALPA,EQ
14597,ALPHAGEO,EQ
100,AMARAJABAT,EQ
4083,AMBANIORG,SM
1185,AMBER,EQ
11496,AMBICAAGAR,EQ
15234,AMBIKCO,EQ
1270,AMBUJACEM,EQ
14398,AMDIND,EQ
5578,AMIORG,EQ
2598,AMJLAND,EQ
1353,AMJUMBO,SM
17547,AMRUTANJAN,EQ
7145,ANANDRATHI,EQ
13620,ANANTRAJ,EQ
20419,ANDHRACEMT,EQ
166,ANDHRAPAP,EQ
136,ANDHRSUGAR,EQ
5206,ANDREWYU,EQ
324,ANGELONE,EQ
16657,ANIKINDS,EQ
29430,ANKITMETAL,EQ
3727,ANMOL,EQ
8760,ANSALAPI,BE
13673,ANSALHSG,EQ
8285,ANTGRAPHIC,BE
9014,ANUP,EQ
2829,ANURAS,EQ
11491,APARINDS,EQ
20453,APCL,EQ
154,APCOTEXIND,EQ
21623,APEX,EQ
25780,APLAPOLLO,EQ
25328,APLLTD,EQ
1134,APOLLO,EQ
157,APOLLOHOSP,EQ
14361,APOLLOPIPE,EQ
163,APOLLOTYRE,EQ
6302,APOLSINHOT,EQ
10755,APTECHT,EQ
5435,APTUS,EQ
16795,ARCHIDPLY,EQ
6400,ARCHIES,BE
181,ARENTERP,EQ
15204,ARIES,EQ
3813,ARIHANTCAP,EQ
20159,ARIHANTSUP,EQ
17263,ARMANFIN,EQ
14557,AROGRANITE,EQ
9260,ARROWGREEN,EQ
17821,ARSHIYA,EQ
18202,ARSSINFRA,EQ
16913,ARTEMISMED,EQ
6156,ARTNIRMAN,EQ
2820,ARVEE,BE
193,ARVIND,EQ
9111,ARVINDFASN,EQ
10457,ARVSMART,EQ
5378,ASAHIINDIA,EQ
25088,ASAHISONG,EQ
11643,ASAL,BE
17598,ASALCBR,EQ
15001,ASCOM,SM
203,ASHAPURMIN,EQ
24403,ASHIANA,EQ
206,ASHIMASYN,EQ
20182,ASHOKA,EQ
212,ASHOKLEY,EQ
7030,ASIANENE,EQ
18422,ASIANHOTNR,EQ
236,ASIANPAINT,EQ
14889,ASIANTILES,EQ
20502,ASLIND,SM
17270,ASPINWALL,EQ
17728,ASTEC,EQ
1508,ASTERDM,EQ
14418,ASTRAL,EQ
11618,ASTRAMICRO,EQ
5610,ASTRAZEN,EQ
874,ASTRON,EQ
566,ATALREAL,SM
1663,ATFL,EQ
6066,ATGL,EQ
13585,ATLANTA,EQ
263,ATUL,EQ
30023,ATULAUTO,EQ
21238,AUBANK,EQ
18762,AURDIS,SM
12022,AURIONPRO,EQ
275,AUROPHARMA,EQ
10314,AURUM,BE
4037,AUSOMENT,EQ
278,AUTOAXLES,EQ
14110,AUTOIND,BE
21406,AVADHSUGAR,EQ
7936,AVANTIFEED,EQ
2621,AVG,SM
8827,AVROIND,EQ
18692,AVSL,SM
14008,AVTNPL,EQ
1797,AWHCL,EQ
8110,AWL,EQ
5900,AXISBANK,EQ
9436,AXISCADES,EQ
20532,AXISGOLD,EQ
21252,AXISNIFTY,EQ
10285,AYMSYNTEX,EQ
17742,BAFNAPH,EQ
14075,BAGFILMS,BE
16669,BAJAJ-AUTO,EQ
19531,BAJAJCON,EQ
15034,BAJAJELEC,EQ
16675,BAJAJFINSV,EQ
6863,BAJAJHCARE,EQ
308,BAJAJHIND,EQ
305,BAJAJHLDNG,EQ
317,BAJFINANCE,EQ
9158,BALAJITELE,EQ
14501,BALAMINES,EQ
11309,BALAXI,EQ
10181,BALKRISHNA,EQ
335,BALKRISIND,EQ
338,BALMLAWRIE,EQ
13441,BALPHARMA,EQ
341,BALRAMCHIN,EQ
347,BANARBEADS,EQ
350,BANARISUG,EQ
13880,BANCOINDIA,EQ
2263,BANDHANBNK,EQ
15303,BANG,EQ
822,BANKA,EQ
4668,BANKBARODA,EQ
11439,BANKBEES,EQ
4745,BANKINDIA,EQ
14511,BANSWRAS,EQ
3127,BARBEQUE,EQ
368,BASF,EQ
12034,BASML,EQ
371,BATAINDIA,EQ
17927,BAYERCROP,EQ
13761,BBL,EQ
3435,BBOX,EQ
380,BBTC,EQ
5687,BBTCL,SM
8841,BCG,BE
9003,BCIL-RE,BE
2521,BCLIND,BE
7783,BCONCEPTS,BE
11662,BCP,EQ
2144,BDL,EQ
17933,BEARDSELL,EQ
1628,BECTORFOOD,EQ
20196,BEDMUTHA,EQ
383,BEL,EQ
395,BEML,EQ
419,BEPL,EQ
404,BERGEPAINT,EQ
2306,BESTAGRO,EQ
81,BETA,SM
5662,BEWLTD,SM
21113,BFINVEST,EQ
14567,BFUTILITIE,EQ
15189,BGRENERGY,EQ
6164,BHAGCHEM,EQ
13400,BHAGERIA,EQ
20776,BHAGYANGR,EQ
21332,BHAGYAPROP,EQ
19556,BHANDARI,EQ
422,BHARATFORG,EQ
426,BHARATGEAR,EQ
3834,BHARATRAS,EQ
16123,BHARATWIRE,EQ
10604,BHARTIARTL,EQ
438,BHEL,EQ
18431,BIGBLOC,EQ
7848,BIL,EQ
471,BINDALAGRO,EQ
11373,BIOCON,EQ
4136,BIOFILCHEM,EQ
477,BIRLACABLE,EQ
480,BIRLACORPN,EQ
15239,BIRLAMONEY,EQ
17586,BIRLATYRE,EQ
8132,BLBLIMITED,EQ
19265,BLISSGVS,EQ
13290,BLKASHYAP,EQ
17279,BLS,EQ
495,BLUEDART,EQ
8311,BLUESTARCO,EQ
6052,BMETRICS,SM
25017,BODALCHEM,EQ
513,BOMDYEING,EQ
19401,BOROLTD,EQ
3149,BORORENEW,EQ
2181,BOSCHLTD,EQ
526,BPCL,EQ
530,BPL,EQ
15184,BRIGADE,EQ
3901,BRIGHT,SM
547,BRITANNIA,EQ
21683,BRNL,EQ
25136,BROOKS,EQ
19585,BSE,EQ
812,BSHSL,BE
559,BSL,EQ
24781,BSLNIFTY,EQ
6994,BSOFT,EQ
686,BTML,SM
15194,BURNPUR,EQ
2716,BUTTERFLY,EQ
15077,BVCL,BE
7930,BYKE,BE
21823,CADSYS,SM
8341,CALSOFT,EQ
6216,CAMLINFINE,EQ
342,CAMS,EQ
10794,CANBK,EQ
583,CANFINHOME,EQ
20160,CANTABIL,EQ
21749,CAPACITE,EQ
3906,CAPLIPOINT,EQ
19447,CAPTRUST,EQ
595,CARBORUNIV,EQ
20086,CAREERP,EQ
29113,CARERATING,EQ
5407,CARTRADE,EQ
1250,CASTROLIND,EQ
14992,CCCL,EQ
6385,CCHHL,EQ
11452,CCL,EQ
21174,CDSL,EQ
15254,CEATLTD,EQ
20224,CEBBCO,EQ
13162,CELEBRITY,EQ
619,CENTENKA,EQ
11511,CENTEXT,EQ
14894,CENTRALBK,EQ
2454,CENTRUM,EQ
14982,CENTUM,EQ
13305,CENTURYPLY,EQ
625,CENTURYTEX,EQ
15039,CERA,EQ
30012,CEREBRAINT,EQ
628,CESC,EQ
20329,CGCL,EQ
760,CGPOWER,EQ
8546,CHALET,EQ
637,CHAMBLFERT,EQ
14618,CHEMBOND,EQ
270,CHEMCON,EQ
2815,CHEMFAB,BE
5449,CHEMPLASTS,EQ
2049,CHENNPETRO,EQ
8866,CHOICEIN,EQ
685,CHOLAFIN,EQ
21740,CHOLAHLDNG,EQ
5142,CIGNITITEC,EQ
27161,CINELINE,EQ
8024,CINEVISTA,EQ
694,CIPLA,EQ
5049,CLEAN,EQ
20223,CLEDUCATE,EQ
715,CLNINDIA,EQ
3482,CLSEL,EQ
19133,CMICABLES,EQ
96,CMMIPL,SM
7603,CMSINFO,EQ
20374,COALINDIA,EQ
6006,COASTCORP,EQ
21508,COCHINSHIP,EQ
11165,COFFEEDAY,EQ
11543,COFORGE,EQ
15141,COLPAL,EQ
17632,COMPINFO,EQ
31138,COMPUSOFT,EQ
4749,CONCOR,EQ
10238,CONFIPET,EQ
11731,CONSOFINVT,EQ
2531,CONTI,SM
17477,CONTROLPR,EQ
8560,COOLCAPS,SM
4007,CORALFINAC,EQ
15271,CORDSCABLE,EQ
739,COROMANDEL,EQ
742,COSMOFILMS,EQ
16986,COUNCODOS,EQ
2854,CRAFTSMAN,EQ
11155,CREATIVE,EQ
4421,CREDITACC,EQ
13900,CREST,EQ
757,CRISIL,EQ
17094,CROMPTON,EQ
8083,CROWN,EQ
14966,CSBBANK,EQ
14218,CTE,EQ
5701,CUB,EQ
4064,CUBEXTUB,EQ
1901,CUMMINSIND,EQ
18520,CUPID,EQ
11845,CYBERMEDIA,BE
6051,CYBERTECH,EQ
5748,CYIENT,EQ
13816,DAAWAT,EQ
772,DABUR,EQ
8075,DALBHARAT,EQ
781,DALMIASUG,EQ
17541,DAMODARIND,EQ
1110,DANGEE,EQ
11423,DATAMATICS,EQ
7358,DATAPATTNS,EQ
17881,DBCORP,EQ
18086,DBL,EQ
18128,DBREALTY,BE
31107,DBSTOCKBRO,EQ
21704,DCAL,EQ
13725,DCBBANK,EQ
16012,DCI,SM
805,DCM,EQ
8704,DCMFINSERV,BE
11039,DCMNVL,EQ
811,DCMSHRIRAM,EQ
7325,DCMSRIND,EQ
817,DCW,EQ
14838,DECCANCE,EQ
827,DEEPAKFERT,EQ
19943,DEEPAKNTR,EQ
18248,DEEPENR,BE
3292,DEEPINDS,EQ
24391,DELPHIFX,EQ
15044,DELTACORP,EQ
1214,DELTAMAGNT,EQ
17722,DEN,EQ
4279,DENORA,EQ
6087,DESTINY,SM
8146,DEVIT,EQ
5373,DEVYANI,EQ
19271,DFMFOODS,EQ
10358,DGCONTENT,BE
857,DHAMPURSUG,EQ
11359,DHANBANK,EQ
15384,DHANI,EQ
24409,DHANUKA,EQ
6973,DHARAMSI,EQ
866,DHARSUGAR,EQ
6858,DHRUV,EQ
22233,DHUNINV,EQ
21840,DIAMONDYD,EQ
703,DICIND,EQ
16683,DIGISPICE,EQ
6136,DIGJAMLMTD,BE
8657,DIL,EQ
14537,DISHTV,EQ
10940,DIVISLAB,EQ
21690,DIXON,EQ
6249,DKEGL,SM
14732,DLF,EQ
17851,DLINKINDIA,EQ
19913,DMART,EQ
641,DNAMEDIA,EQ
4822,DODLA,EQ
12124,DOLATALGO,EQ
20560,DOLLAR,EQ
13839,DONEAR,EQ
936,DPABHUSHAN,EQ
15419,DPSCLTD,EQ
16900,DPWIRES,EQ
11271,DREDGECORP,EQ
18769,DRL,SM
881,DRREDDY,EQ
6686,DRSDILIP,SM
25690,DSSL,EQ
6227,DTIL,EQ
28952,DUCON,EQ
5457,DUGLOBAL,SM
15214,DVL,EQ
11667,DWARKESH,EQ
4525,DYNAMATECH,EQ
6079,DYNAMIC,SM
21314,DYNPRO,EQ
8937,E2E,EQ
2792,EASEMYTRIP,EQ
907,EASTSILK,EQ
11625,EBANK,EQ
15179,ECLERX,EQ
15119,EDELWEISS,EQ
910,EICHERMOT,EQ
916,EIDPARRY,EQ
6040,EIFFL,EQ
15399,EIHAHOTELS,EQ
919,EIHOTEL,EQ
4040,EIMCOELECO,EQ
13091,EKC,EQ
8953,ELDEHSG,EQ
13643,ELECON,EQ
928,ELECTCAST,EQ
4469,ELECTHERM,EQ
937,ELGIEQUIP,EQ
24928,ELGIRUBCO,BE
13517,EMAMILTD,EQ
10074,EMAMIPAP,EQ
19277,EMAMIREAL,EQ
13421,EMKAY,EQ
10253,EMKAYTOOLS,SM
18142,EMMBI,EQ
18822,ENDURANCE,EQ
15049,ENERGYDEV,EQ
4907,ENGINERSIN,EQ
13192,ENIL,EQ
981,EPL,EQ
3547,EQUIPPP,EQ
16852,EQUITAS,EQ
913,EQUITASBNK,EQ
21154,ERIS,EQ
20080,EROSMEDIA,EQ
955,ESABINDIA,EQ
958,ESCORTS,EQ
25634,ESSARSHPNG,EQ
24265,ESTER,EQ
7331,EUROBOND,SM
8886,EUROTEXIND,BE
11782,EVEREADY,EQ
993,EVERESTIND,EQ
17380,EXCEL,BE
11471,EXCELINDUS,EQ
676,EXIDEIND,EQ
17486,EXPLEOSOL,EQ
5352,EXXARO,EQ
1008,FACT,EQ
1614,FAIRCHEMOR,EQ
6198,FCL,EQ
30038,FCONSUMER,EQ
11999,FCSSOFT,EQ
4898,FDC,EQ
1023,FEDERALBNK,EQ
10516,FEL,EQ
17006,FELDVR,BE
573,FELIX,SM
8159,FIBERWEB,EQ
13710,FIEMIND,EQ
24532,FILATEX,EQ
1038,FINCABLES,EQ
3744,FINEORG,EQ
6579,FINOPB,EQ
1041,FINPIPE,EQ
25516,FLEXITUFF,BE
30752,FLFL,EQ
13807,FLUOROCHEM,BE
1190,FMGOETZE,EQ
21017,FMNL,EQ
7385,FOCE,SM
6839,FOCUS,BE
6673,FOODSIN,EQ
11573,FORCEMOT,EQ
14592,FORTIS,EQ
1073,FOSECOIND,EQ
18378,FRETAIL,EQ
744,FSC,EQ
14304,FSL,EQ
1085,GABRIEL,EQ
8828,GAEL,EQ
4717,GAIL,EQ
20296,GAL,EQ
1315,GALAXYSURF,EQ
13337,GALLANTT,EQ
20140,GALLISPAT,EQ
14116,GANDHITUBE,EQ
6944,GANECOS,EQ
5614,GANESHBE,EQ
14339,GANESHHOUC,EQ
4957,GANGAFORGE,EQ
21399,GANGESSECU,EQ
1100,GARFIBRES,EQ
8510,GATEWAY,EQ
13688,GATI,EQ
25023,GAYAPROJ,EQ
13658,GEECEE,EQ
17922,GEEKAYWIRE,EQ
2188,GENCON,EQ
11269,GENESYS,BE
6600,GENUSPAPER,EQ
11905,GENUSPOWER,EQ
11896,GEOJITFSL,EQ
7862,GEPIL,EQ
13776,GESHIP,EQ
16783,GET&D,EQ
1289,GFLLIMITED,EQ
11079,GFSTEELS,BE
1127,GHCL,EQ
1139,GICHSGFIN,EQ
18815,GICL,SM
277,GICRE,EQ
17839,GILLANDERS,EQ
1576,GILLETTE,EQ
1142,GINNIFILA,EQ
1145,GIPCL,EQ
2365,GIRIRAJ,SM
17357,GKWLIMITED,EQ
1186,GLAND,EQ
1153,GLAXO,EQ
7406,GLENMARK,EQ
8412,GLFL,BE
1415,GLOBAL,EQ
13735,GLOBALVECT,EQ
393,GLOBE,EQ
17424,GLOBUSSPR,EQ
5265,GLS,EQ
1168,GMBREW,EQ
5204,GMDCLTD,EQ
1570,GMMPFAUDLR,EQ
13528,GMRINFRA,EQ
8529,GMRP&UI,EQ
18571,GNA,EQ
1174,GNFC,EQ
14687,GOACARBON,EQ
3963,GOCLCORP,EQ
6964,GOCOLORS,EQ
1181,GODFRYPHLP,EQ
1610,GODHA,BE
144,GODREJAGRO,EQ
10099,GODREJCP,EQ
10925,GODREJIND,EQ
17875,GODREJPROP,EQ
11778,GOKEX,EQ
16705,GOKUL,EQ
14484,GOKULAGRO,BE
14428,GOLDBEES,EQ
1255,GOLDENTOBC,EQ
11971,GOLDIAM,EQ
14535,GOLDSHARE,EQ
1,GOLDSTAR,SM
9874,GOLDTECH,EQ
6125,GOODLUCK,EQ
1205,GOODYEAR,EQ
13409,GPIL,EQ
19731,GPPL,EQ
17685,GPTINFRA,EQ
11872,GRANULES,EQ
592,GRAPHITE,EQ
1232,GRASIM,EQ
5200,GRAUWEIL,EQ
20538,GRAVITA,BE
1235,GREAVESCOT,EQ
6848,GREENLAM,EQ
13810,GREENPANEL,EQ
3987,GREENPLY,EQ
20110,GREENPOWER,EQ
18741,GRETEX,SM
13560,GRINDWELL,EQ
5054,GRINFRA,EQ
17770,GROBTEA,EQ
6543,GRPLTD,EQ
5475,GRSE,EQ
7982,GRWRHITECH,EQ
29850,GSCLCEMENT,EQ
1247,GSFC,EQ
13197,GSPL,EQ
15347,GSS,EQ
1162,GTL,EQ
13745,GTLINFRA,EQ
21195,GTPL,EQ
11606,GUFICBIO,EQ
1267,GUJALKALI,EQ
14677,GUJAPOLLO,EQ
10599,GUJGASLTD,EQ
10097,GUJRAFFIA,BE
4391,GULFOILLUB,EQ
11581,GULFPETRO,EQ
6286,GULPOLY,EQ
2303,HAL,EQ
48,HAPPSTMNDS,EQ
8962,HARDWYN,EQ
8969,HARIOMPIPE,BE
1313,HARRMALAYA,EQ
18154,HATHWAY,EQ
3892,HATSUN,EQ
9819,HAVELLS,EQ
8417,HAVISHA,BE
13966,HBLPOWER,EQ
4116,HBSL,EQ
1375,HCC,EQ
15555,HCG,EQ
1327,HCL-INSYS,EQ
7229,HCLTECH,EQ
1330,HDFC,EQ
4244,HDFCAMC,EQ
1333,HDFCBANK,EQ
467,HDFCLIFE,EQ
6297,HEALTHY,EQ
7425,HECPROJECT,EQ
1336,HEG,EQ
2316,HEIDELBERG,EQ
701,HEMIPROP,EQ
2614,HERANBA,EQ
15288,HERCULES,EQ
4598,HERITGFOOD,EQ
1348,HEROMOTOCO,EQ
7048,HESTERBIO,EQ
27008,HEXATRADEX,EQ
21951,HFCL,EQ
1672,HGINFRA,EQ
14712,HGS,EQ
9668,HIKAL,EQ
1455,HIL,EQ
14631,HILTON,BE
1360,HIMATSEIDE,EQ
1363,HINDALCO,EQ
1372,HINDCOMPOS,EQ
4920,HINDCON,EQ
17939,HINDCOPPER,EQ
21676,HINDMOTORS,EQ
17050,HINDNATGLS,BE
1403,HINDOILEXP,EQ
1406,HINDPETRO,EQ
1394,HINDUNILVR,EQ
1424,HINDZINC,EQ
13890,HIRECT,EQ
19322,HISARMETAL,EQ
2868,HITECH,EQ
15161,HITECHCORP,EQ
4433,HITECHGEAR,EQ
2289,HLEGLAS,EQ
1448,HLVLTD,EQ
19211,HMVL,EQ
12173,HNDFDS,EQ
18284,HNGSNGBEES,EQ
2056,HOMEFIRST,EQ
3417,HONAUT,EQ
3138,HONDAPOWER,EQ
10366,HOTELRUGBY,BE
13592,HOVS,EQ
7376,HPAL,EQ
17147,HPIL,SM
18679,HPL,EQ
14334,HSCL,EQ
1412,HSIL,EQ
11979,HTMEDIA,EQ
14203,HUBTOWN,EQ
20825,HUDCO,EQ
2562,HUHTAMAKI,EQ
9937,IBMFNIFTY,EQ
14450,IBREALEST,EQ
30125,IBULHSGFIN,EQ
9610,ICDSLTD,BE
496,ICEMAKE,BE
3001,ICICI500,EQ
8342,ICICI5GSEC,EQ
22344,ICICIALPLV,EQ
7844,ICICIAUTO,EQ
522,ICICIB22,EQ
4963,ICICIBANK,EQ
11037,ICICIBANKN,EQ
11386,ICICIBANKP,EQ
6446,ICICICONSU,EQ
5306,ICICIFMCG,EQ
21770,ICICIGI,EQ
19679,ICICIGOLD,EQ
4838,ICICILIQ,EQ
21254,ICICILOVOL,EQ
17152,ICICIM150,EQ
17702,ICICIMCAP,EQ
30392,ICICINF100,EQ
29553,ICICINIFTY,EQ
17475,ICICINV20,EQ
4529,ICICINXT50,EQ
3626,ICICIPHARM,EQ
18652,ICICIPRULI,EQ
4378,ICICISENSX,EQ
7942,ICICISILVE,EQ
22365,ICICITECH,EQ
11987,ICIL,EQ
14523,ICRA,EQ
1476,IDBI,EQ
25640,IDBIGOLD,EQ
14366,IDEA,EQ
11957,IDFC,EQ
11184,IDFCFIRSTB,EQ
18783,IDFNIFTYET,EQ
220,IEX,EQ
1482,IFBAGRO,EQ
1485,IFBIND,EQ
1491,IFCI,EQ
436,IFGLEXPOR,EQ
634,IGARASHI,EQ
11262,IGL,EQ
14086,IGPL,EQ
11809,IIFL,EQ
13072,IIFLSEC,EQ
13061,IIFLWAM,EQ
19529,IITL,BE
7672,IMAGICAA,EQ
19235,IMFA,EQ
12009,IMPAL,EQ
11681,IMPEXFERRO,EQ
17507,INCREDIBLE,EQ
16933,INDBANK,EQ
1512,INDHOTEL,EQ
1515,INDIACEM,EQ
1521,INDIAGLYCO,EQ
10726,INDIAMART,EQ
14309,INDIANB,EQ
4422,INDIANCARD,EQ
1530,INDIANHUME,EQ
11195,INDIGO,EQ
2048,INDIGOPNTS,EQ
7683,INDLMETER,BE
4747,INDNIPPON,EQ
8614,INDOBORAX,EQ
11677,INDOCO,EQ
10993,INDORAMA,EQ
3088,INDOSTAR,EQ
13275,INDOTECH,EQ
25608,INDOTHAI,EQ
14952,INDOWIND,EQ
4751,INDRAMEDCO,EQ
4870,INDSWFTLAB,EQ
11602,INDSWFTLTD,EQ
21957,INDTERRAIN,EQ
5258,INDUSINDBK,EQ
29135,INDUSTOWER,EQ
19,INEOSSTYRO,EQ
16249,INFIBEAM,EQ
11027,INFOBEAN,EQ
13694,INFOMEDIA,BE
20072,INFRABEES,EQ
1594,INFY,EQ
1597,INGERRAND,EQ
666,INNOVANA,SM
21861,INNOVATIVE,SM
13221,INOXLEISUR,EQ
7852,INOXWIND,EQ
14657,INSECTICID,EQ
13734,INSPIRISYS,BE
5926,INTELLECT,EQ
20071,INTENTECH,EQ
5606,INTLCONV,EQ
24870,INVENTURE,EQ
9348,IOB,EQ
1624,IOC,EQ
20413,IOLCP,EQ
1630,IONEXCHANG,EQ
1633,IPCALAB,EQ
4934,IPL,EQ
15313,IRB,EQ
4986,IRCON,EQ
13611,IRCTC,EQ
2029,IRFC,EQ
6489,IRIS,EQ
2275,IRISDOREME,EQ
2489,ISEC,EQ
18479,ISFT,EQ
3329,ISGEC,EQ
14932,ISMTLTD,EQ
1660,ITC,EQ
19299,ITDC,EQ
5622,ITDCEM,EQ
1675,ITI,EQ
6711,IVC,EQ
1681,IVP,EQ
18292,IVZINGOLD,EQ
24217,IVZINNIFTY,EQ
3776,IWEL,EQ
14174,IZMO,EQ
5633,J&KBANK,EQ
13211,JAGRAN,EQ
4410,JAGSNPHARM,EQ
11256,JAIBALAJI,EQ
5143,JAICORPLTD,EQ
6012,JAINAM,SM
5516,JAIPURKURT,EQ
3949,JAKHARIA,SM
20929,JALAN,SM
20778,JAMNAAUTO,EQ
13982,JASH,EQ
4041,JAYAGROGN,EQ
1708,JAYBARMARU,EQ
2331,JAYNECOIND,EQ
1720,JAYSREETEA,EQ
1726,JBCHEPHARM,EQ
1729,JBFIND,EQ
11655,JBMA,EQ
4491,JCHAC,EQ
18699,JETKNIT,SM
13720,JHS,EQ
11743,JINDALPHOT,EQ
1756,JINDALPOLY,EQ
3024,JINDALSAW,EQ
6733,JINDALSTEL,EQ
13875,JINDRILL,EQ
20642,JINDWORLD,EQ
25684,JISLDVREQS,EQ
10397,JISLJALEQS,EQ
19695,JITFINFRA,BE
13270,JKCEMENT,EQ
15266,JKIL,EQ
13491,JKLAKSHMI,EQ
11860,JKPAPER,EQ
14435,JKTYRE,EQ
7109,JMA,EQ
4430,JMCPROJECT,EQ
13637,JMFINANCIL,EQ
16927,JOCIL,EQ
11460,JPASSOCIAT,EQ
18895,JPINFRATEC,EQ
31507,JPOLYINVST,EQ
11763,JPPOWER,EQ
11236,JSL,EQ
12304,JSLHISAR,EQ
17873,JSWENERGY,BE
11880,JSWHL,EQ
4671,JSWISPL,EQ
11723,JSWSTEEL,EQ
3237,JTEKTINDIA,EQ
7287,JTLINFRA,EQ
18096,JUBLFOOD,EQ
21541,JUBLINDS,EQ
2783,JUBLINGREA,EQ
3637,JUBLPHARMA,EQ
10939,JUNIORBEES,EQ
29962,JUSTDIAL,EQ
15146,JYOTHYLAB,EQ
1805,KABRAEXTRU,EQ
1808,KAJARIACER,EQ
1811,KAKATCEM,EQ
1814,KALPATPOWR,EQ
19653,KALYANI,BE
15160,KALYANIFRG,BE
2955,KALYANKJIL,EQ
1826,KAMATHOTEL,EQ
13457,KAMDHENU,EQ
25790,KANANIIND,BE
1835,KANORICHEM,EQ
1782,KANPRPLA,EQ
1196,KANSAINER,EQ
18969,KAPSTON,BE
24385,KARMAENG,EQ
1838,KARURVYSYA,EQ
15136,KAUSHALYA,EQ
15244,KAVVERITEL,EQ
10276,KAYA,EQ
2354,KBCGLOBAL,EQ
1841,KCP,EQ
4809,KCPSUGIND,EQ
14908,KDDL,EQ
13260,KEC,EQ
18220,KECL,EQ
1129,KEERTI,EQ
13310,KEI,EQ
13430,KELLTONTEC,EQ
11841,KENNAMET,EQ
13125,KERNEX,BE
1859,KESORAMIND,EQ
4157,KEYFINSERV,EQ
425,KHADIM,EQ
896,KHAICHEM,EQ
9582,KHAITANLTD,BE
9641,KHANDSE,EQ
9570,KHFM,SM
21119,KICL,EQ
19937,KILITCH,EQ
4847,KIMS,EQ
18944,KINGFA,EQ
19126,KIOCL,EQ
16639,KIRIINDUS,EQ
14466,KIRLFER,EQ
18581,KIRLOSBROS,EQ
20936,KIRLOSENG,EQ
19025,KIRLOSIND,EQ
28899,KITEX,EQ
13381,KKCL,EQ
17781,KKVAPOW,SM
14667,KMSUGAR,EQ
8602,KNAGRI,SM
15283,KNRCON,EQ
3009,KOHINOOR,EQ
16827,KOKUYOCMLN,EQ
15124,KOLTEPATIL,EQ
1919,KOPRAN,EQ
7412,KOTAKALPHA,EQ
1922,KOTAKBANK,EQ
14858,KOTAKGOLD,EQ
2627,KOTAKIT,EQ
8632,KOTAKLOVOL,EQ
8077,KOTAKMID50,EQ
18102,KOTAKNIFTY,EQ
11457,KOTAKNV20,EQ
15061,KOTAKPSUBK,EQ
11647,KOTARISUG,EQ
4594,KOTHARIPET,EQ
6808,KOTHARIPRO,BE
6441,KOTYARK,SM
5192,KOVAI,EQ
5108,KPIGLOBAL,EQ
9683,KPITTECH,EQ
14912,KPRMILL,EQ
10577,KRBL,EQ
1937,KREBSBIO,EQ
11480,KRIDHANINF,EQ
12847,KRISHANA,EQ
8671,KRISHIVAL,SM
8782,KRISHNADEF,SM
6417,KRITI,EQ
5562,KRITIKA,SM
5359,KRSNAA,EQ
1949,KSB,EQ
14972,KSCL,EQ
5341,KSHITIJPOL,SM
18889,KSL,EQ
19087,KSOLVES,SM
8054,KTKBANK,EQ
13870,KUANTUM,EQ
24948,L&TFH,EQ
5865,LAGNAM,EQ
11654,LALPATHLAB,EQ
6407,LAMBODHARA,EQ
14423,LAOPALA,EQ
21713,LASA,EQ
6818,LATENTVIEW,EQ
3307,LATTEYS,SM
19234,LAURUSLABS,EQ
6568,LAXMICOT,EQ
1979,LAXMIMACH,EQ
7529,LCCINFOTEC,EQ
2606,LEMONTREE,EQ
21585,LEXUS,SM
7902,LFIC,EQ
18321,LGBBROSLTD,EQ
16845,LGBFORGE,EQ
18475,LGHL,SM
11082,LIBAS,EQ
1994,LIBERTSHOE,EQ
1997,LICHSGFIN,EQ
15229,LICNFNHGP,EQ
578,LIKHITHA,EQ
6951,LINC,EQ
11596,LINCOLN,EQ
1627,LINDEINDIA,EQ
11006,LIQUIDBEES,EQ
3220,LODHA,EQ
13436,LOKESHMACH,EQ
16807,LOTUSEYE,EQ
22415,LOVABLE,EQ
16863,LPDC,EQ
17801,LSIL,EQ
11483,LT,EQ
17818,LTI,EQ
18564,LTTS,EQ
2018,LUMAXIND,EQ
14014,LUMAXTECH,EQ
10440,LUPIN,EQ
11301,LUXIND,EQ
2841,LXCHEM,EQ
2028,LYKALABS,EQ
31468,LYPSAGEMS,EQ
2031,M&M,EQ
13285,M&MFIN,EQ
15017,MAANALU,EQ
22347,MACPOWER,EQ
15151,MADHAV,EQ
8259,MADHAVBAUG,SM
13668,MADHUCON,BE
4911,MADRASFERT,EQ
3507,MAFANG,EQ
21392,MAGADSUGAR,EQ
14957,MAGNUM,EQ
11377,MAHABANK,EQ
5239,MAHAPEXLTD,EQ
17527,MAHASTEEL,EQ
17603,MAHEPC,EQ
9576,MAHESHWARI,EQ
2839,MAHICKRA,SM
14937,MAHINDCIE,EQ
7074,MAHKTECH,EQ
8050,MAHLIFE,EQ
385,MAHLOG,EQ
2085,MAHSCOOTER,EQ
2088,MAHSEAMLES,EQ
24538,MAITHANALL,EQ
7965,MALLCOM,EQ
13352,MALUPAPER,EQ
7420,MANAKALUCO,EQ
7413,MANAKCOAT,EQ
15199,MANAKSIA,EQ
7463,MANAKSTEEL,EQ
13796,MANALIPETC,EQ
19061,MANAPPURAM,EQ
21697,MANAV,SM
11817,MANGALAM,EQ
15007,MANGCHEFER,EQ
2106,MANGLMCEM,EQ
11884,MANINDS,EQ
18226,MANINFRA,EQ
6422,MANORG,EQ
13572,MANUGRAPH,EQ
17181,MANXT50,EQ
8167,MANYAVAR,EQ
7227,MAPMYINDIA,EQ
2112,MARALOVER,EQ
18659,MARATHON,EQ
4067,MARICO,EQ
1328,MARINE,EQ
10579,MARKSANS,EQ
6757,MARSHALL,EQ
10999,MARUTI,EQ
199,MASFIN,EQ
18731,MASKINVEST,BE
5782,MASPTOP50,EQ
2124,MASTEK,EQ
21726,MATRIMONY,EQ
17022,MAWANASUG,EQ
22377,MAXHEALTH,EQ
22428,MAXIND,EQ
17468,MAXVIL,EQ
28906,MAYURUNIQ,EQ
18866,MAZDA,EQ
509,MAZDOCK,EQ
12686,MBAPL,EQ
13687,MBECL,BE
18029,MBLINFRA,EQ
10447,MCDOWELL-N,EQ
22362,MCL,BE
11943,MCLEODRUSS,EQ
31181,MCX,EQ
2132,MDL,SM
6278,MEDICAMEQ,EQ
7254,MEDPLUS,EQ
14793,MEGASOFT,EQ
8153,MEGASTAR,EQ
6961,MENONBE,EQ
8771,MEP,EQ
11876,MERCATOR,EQ
7242,METROBRAND,EQ
9581,METROPOLIS,EQ
5382,MFL,EQ
2142,MFSL,EQ
1593,MGEL,EQ
17534,MGL,EQ
1426,MHHL,SM
7886,MHLXMIRU,EQ
17333,MHRIL,EQ
7169,MICEL,EQ
2463,MIDHANI,EQ
159,MILTON,SM
25897,MINDACORP,EQ
14154,MINDAIND,EQ
8900,MINDPOOL,SM
18049,MINDTECK,EQ
14356,MINDTREE,EQ
2202,MIRCELECTR,EQ
4394,MIRZAINT,EQ
8469,MITCON,EQ
18562,MITTAL,EQ
20509,MKPL,SM
13844,MMFL,EQ
16395,MMP,EQ
17957,MMTC,EQ
6934,MODIRUBBER,BE
3316,MODISNME,EQ
1507,MOGSEC,EQ
29423,MOHITIND,EQ
20830,MOIL,EQ
3586,MOKSH,EQ
5394,MOL,EQ
17625,MOLDTECH,EQ
6713,MOLDTKPAC,EQ
8654,MOLOWVOL,EQ
21423,MOM100,EQ
19289,MOM50,EQ
8182,MOMOMENTUM,EQ
22739,MON100,EQ
7679,MONARCH,EQ
7422,MONQ50,EQ
5938,MONTECARLO,EQ
28880,MORARJEE,BE
2259,MOREPENLAB,EQ
4204,MOTHERSUMI,EQ
14947,MOTILALOFS,EQ
2268,MOTOGENFIN,EQ
4503,MPHASIS,EQ
10578,MPSLTD,EQ
21792,MPTODAY,SM
2277,MRF,EQ
8998,MRO-TEK,EQ
2283,MRPL,EQ
11919,MSPL,EQ
9356,MSTCLTD,EQ
8596,MSUMI,EQ
2709,MTARTECH,EQ
31409,MTEDUCARE,EQ
2294,MTNL,EQ
11325,MUKANDLTD,EQ
8691,MUKTAARTS,BE
13511,MUNJALAU,EQ
2307,MUNJALSHOW,EQ
2313,MURUDCERA,EQ
10415,MUTHOOTCAP,EQ
23650,MUTHOOTFIN,EQ
20425,NACLIND,EQ
17295,NAGAFERT,EQ
14943,NAGREEKCAP,BE
14702,NAGREEKEXP,EQ
15360,NAHARCAP,EQ
13106,NAHARINDUS,EQ
14445,NAHARPOLY,EQ
14443,NAHARSPING,BE
357,NAM-INDIA,EQ
2726,NARMADA,SM
3918,NATCOPHARM,EQ
11065,NATHBIOGEN,EQ
6364,NATIONALUM,EQ
13751,NAUKRI,EQ
14672,NAVINFLUOR,EQ
10557,NAVKARCORP,EQ
2385,NAVNETEDUL,EQ
2987,NAZARA,EQ
31415,NBCC,EQ
19111,NBIFIN,EQ
4014,NBVENTURES,EQ
2319,NCC,EQ
14490,NCLIND,EQ
1143,NCPSESDL24,EQ
18371,NDGL,EQ
31258,NDL,EQ
22255,NDRAUTO,EQ
11427,NDTV,EQ
13522,NECCLTD,EQ
11927,NECLIFE,EQ
14761,NELCAST,EQ
8497,NELCO,BE
9917,NEOGEN,EQ
15409,NESCO,EQ
17963,NESTLEIND,EQ
14111,NETWORK18,EQ
2406,NEULANDLAB,EQ
1164,NEWGEN,EQ
9864,NEXTMEDIA,BE
13925,NFL,EQ
5401,NGIL,EQ
8986,NGIL-RE,BE
11840,NH,EQ
17400,NHPC,EQ
399,NIACL,EQ
29733,NIBL,EQ
6592,NIDAN,SM
10576,NIFTYBEES,EQ
11522,NIITLTD,EQ
9253,NILAINFRA,EQ
7411,NILASPACES,EQ
2421,NILKAMAL,EQ
6782,NIPPOBATRY,EQ
255,NIRAJ,EQ
13300,NITCO,EQ
13175,NITINSPIN,EQ
3247,NITIRAJ,EQ
2439,NKIND,EQ
8585,NLCINDIA,EQ
15332,NMDC,EQ
2442,NOCIL,EQ
10786,NOIDATOLL,EQ
9007,NOVARTIND,EQ
12978,NPBET,EQ
5299,NPST,SM
20314,NRAIL,EQ
7553,NRBBEARING,EQ
7260,NRL,SM
11239,NSIL,EQ
11630,NTPC,EQ
10791,NUCLEUS,EQ
2350,NURECA,EQ
5426,NUVOCO,EQ
14547,NXTDIGITAL,EQ
6545,NYKAA,EQ
10768,OAL,EQ
8797,OBCL,EQ
20242,OBEROIRLTY,EQ
12231,OCCL,EQ
10738,OFSS,EQ
17438,OIL,EQ
2472,OILCOUNTUB,EQ
10637,OLECTRA,EQ
10922,OMAXAUTO,EQ
14853,OMAXE,EQ
117,OMFURN,SM
24231,OMINFRAL,EQ
21511,OMKARCHEM,EQ
25492,ONELIFECAP,EQ
9939,ONEPOINT,EQ
2475,ONGC,EQ
15278,ONMOBILE,EQ
2481,ONWARDTEC,EQ
21469,OPTIEMUS,EQ
31475,ORBTEXP,EQ
926,ORCHPHARMA,EQ
10159,ORICONENT,EQ
13111,ORIENTABRA,EQ
14346,ORIENTALTL,EQ
14278,ORIENTBELL,EQ
30089,ORIENTCEM,EQ
2972,ORIENTELEC,EQ
2493,ORIENTHOT,EQ
18208,ORIENTLTD,EQ
2496,ORIENTPPR,EQ
19931,ORISSAMINE,EQ
2979,ORTINLAB,EQ
9524,OSIAHYPER,SM
2514,OSWALAGRO,EQ
3597,OSWALSEEDS,SM
14413,PAGEIND,EQ
25468,PAISALO,EQ
21387,PALASHSECU,BE
17059,PALREDTEC,BE
4055,PANACEABIO,EQ
16355,PANACHE,BE
25392,PANAMAPET,EQ
6152,PANSARI,BE
5631,PAR,EQ
13951,PARACABLES,EQ
17130,PARAGMILK,EQ
5911,PARAS,EQ
5460,PARIN,SM
13791,PARSVNATH,EQ
2599,PARTYCRUS,SM
21657,PASHUPATI,SM
6045,PASUPTAC,EQ
11699,PATELENG,EQ
15219,PATINTLOG,EQ
2633,PAVNAIND,SM
6705,PAYTM,EQ
13055,PBAINFRA,EQ
2649,PCBL,EQ
29124,PCJEWELLER,EQ
15377,PDMJEPAPER,EQ
5264,PDSL,EQ
2610,PEARLPOLY,EQ
2412,PEL,EQ
20621,PENIND,EQ
5358,PENINLAND,BE
2822,PENTAGOLD,SM
11250,PERFECT,SM
18365,PERSISTENT,EQ
11351,PETRONET,EQ
14299,PFC,EQ
2643,PFIZER,EQ
13496,PFOCUS,EQ
22602,PFS,EQ
25358,PGEL,EQ
2535,PGHH,EQ
940,PGHL,EQ
14260,PGIL,EQ
14552,PHOENIXLTD,EQ
2664,PIDILITIND,EQ
2738,PIGL,SM
24184,PIIND,EQ
11445,PILANIINVS,EQ
30835,PILITA,EQ
18992,PIONDIST,EQ
13463,PIONEEREMB,EQ
14134,PITTIENG,EQ
10318,PKTEA,BE
13920,PLASTIBLEN,EQ
10666,PNB,EQ
8736,PNBGILTS,EQ
18908,PNBHOUSING,EQ
9346,PNC,BE
9385,PNCINFRA,EQ
20446,PODDARHOUS,EQ
19036,PODDARMENT,EQ
17651,POKARNA,EQ
6656,POLICYBZR,EQ
9590,POLYCAB,EQ
25718,POLYMED,EQ
2687,POLYPLEX,EQ
10661,PONNIERODE,EQ
11403,POONAWALLA,EQ
14977,POWERGRID,EQ
18457,POWERINDIA,EQ
10473,POWERMECH,EQ
15209,PPAP,EQ
10297,PPL,EQ
13945,PRAENG,BE
2705,PRAJIND,EQ
2708,PRAKASH,EQ
19599,PRAKASHSTL,EQ
1204,PRAXIS,EQ
12603,PRECAM,EQ
7950,PRECISION,SM
2711,PRECOT,EQ
9304,PRECWIRE,BE
17415,PREMEXPLN,BE
2720,PREMIER,EQ
3908,PREMIERPOL,EQ
11671,PRESSMN,EQ
20302,PRESTIGE,EQ
19631,PRICOLLTD,EQ
11864,PRIMESECU,EQ
16045,PRINCEPIPE,EQ
8304,PRITI,EQ
5292,PRITIKAUTO,EQ
8825,PRIVISCL,EQ
19352,PROLIFE,SM
8735,PROPEQUITY,SM
28859,PROZONINTU,EQ
2739,PRSMJOHNSN,EQ
21001,PSB,EQ
20877,PSPPROJECT,EQ
15032,PSUBNKBEES,EQ
11355,PTC,EQ
14101,PTL,EQ
507,PULZ,SM
4344,PUNJABCHEM,EQ
14922,PURVA,EQ
6273,PVP,BE
13147,PVR,EQ
15330,QGOLDHALF,EQ
16819,QNIFTY,EQ
5870,QUADPRO,SM
17704,QUESS,EQ
13116,QUICKHEAL,EQ
11268,RADAAN,BE
10990,RADICO,EQ
19877,RADIOCITY,EQ
2431,RAILTEL,EQ
15337,RAIN,EQ
7401,RAJESHEXPO,EQ
2168,RAJMET,EQ
18964,RAJRATAN,BE
8425,RAJRILTD,EQ
2809,RAJSREESUG,EQ
14403,RAJTV,EQ
2816,RALLIS,EQ
13565,RAMANEWS,EQ
10300,RAMASTEEL,EQ
2043,RAMCOCEM,EQ
4587,RAMCOIND,EQ
7851,RAMCOSYS,EQ
20134,RAMKY,EQ
2837,RANASUG,EQ
16751,RANEENGINE,EQ
2844,RANEHOLDIN,EQ
7177,RATEGAIN,EQ
13451,RATNAMANI,EQ
2859,RAYMOND,EQ
1494,RBA,EQ
16745,RBL,EQ
18391,RBLBANK,EQ
2866,RCF,EQ
13187,RCOM,EQ
15355,RECLTD,EQ
14255,REDINGTON,EQ
17764,REFEX,EQ
24225,RELAXO,EQ
2882,RELCAPITAL,EQ
51,RELIABLE,SM
2885,RELIANCE,EQ
15068,RELIGARE,EQ
553,RELINFRA,EQ
3965,REMSONSIND,EQ
12026,RENUKA,EQ
29598,REPCOHOME,EQ
1480,REPL,EQ
13126,REPRO,EQ
20323,RESPONIND,EQ
11961,REVATHI,EQ
5309,REXPIPES,SM
15129,RGL,EQ
21733,RHFL,EQ
31163,RHIM,EQ
8208,RICHA,SM
2909,RICOAUTO,EQ
2912,RIIL,EQ
8944,RITCO,EQ
3761,RITES,EQ
20954,RKDL,BE
1547,RKEC,EQ
11411,RKFORGE,EQ
21816,RMDRIP,SM
11975,RML,EQ
13182,ROHLTD,EQ
5279,ROLEXRINGS,EQ
19104,ROLLT,EQ
5982,ROLTA,BE
359,ROML,EQ
19410,ROSSARI,EQ
28913,ROSSELLIND,EQ
9049,ROTO,EQ
128,ROUTE,EQ
16725,RPGLIFE,EQ
15259,RPOWER,EQ
20760,RPPINFRA,EQ
6913,RPPL,EQ
8119,RPSGVENT,EQ
6429,RSSOFTWARE,EQ
2794,RSWM,EQ
13414,RSYSTEMS,EQ
27297,RTNINDIA,EQ
17520,RTNPOWER,EQ
2939,RUBYMILLS,EQ
17029,RUCHI,EQ
8423,RUCHINFRA,BE
13821,RUCHIRA,EQ
25724,RUPA,EQ
24595,RUSHIL,EQ
1572,RVHL,BE
9552,RVNL,EQ
18497,SABEVENTS,EQ
15060,SABTN,BE
13236,SADBHAV,EQ
10622,SADBHIN,BE
13035,SAFARI,EQ
8175,SAGARDEEP,EQ
14068,SAGCEM,EQ
2963,SAIL,EQ
9539,SAKAR,EQ
2969,SAKHTISUG,EQ
11794,SAKSOFT,EQ
13251,SAKUMA,EQ
21362,SALASAR,EQ
17351,SALONA,EQ
11634,SALSTEEL,EQ
11399,SALZERELEC,EQ
4127,SAMBHAAV,EQ
19049,SANCO,EQ
2988,SANDESH,EQ
2397,SANDHAR,EQ
4184,SANGAMIND,EQ
2997,SANGHIIND,EQ
14058,SANGHVIMOV,EQ
11032,SANGINITA,EQ
1442,SANOFI,EQ
5751,SANSERA,EQ
6718,SAPPHIRE,EQ
17758,SARDAEN,EQ
4892,SAREGAMA,EQ
14043,SARLAPOLY,EQ
1798,SARVESHWAR,SM
11983,SASKEN,EQ
20063,SASTASUNDR,EQ
11045,SATIA,EQ
10453,SATIN,EQ
6792,SBC,EQ
4656,SBCL,EQ
17971,SBICARD,EQ
21808,SBILIFE,EQ
3045,SBIN,EQ
17,SCAPDVR,EQ
1011,SCHAEFFLER,EQ
20698,SCHAND,EQ
31234,SCHNEIDER,EQ
3048,SCI,EQ
1344,SDBL,BE
2616,SEAMECLTD,EQ
13025,SECL,SM
412,SECURCRED,SM
11058,SECURKLOUD,EQ
7091,SEJALLTD,EQ
13598,SELAN,EQ
6274,SELMC,BE
15308,SEPC,EQ
27303,SEPOWER,EQ
14296,SEQUENT,EQ
5507,SERVOTECH,EQ
3066,SESHAPAPER,EQ
17514,SETCO,EQ
25418,SETUINFRA,BE
10836,SEYAIND,BE
19184,SFL,EQ
5114,SGIL,EQ
13367,SGL,EQ
11856,SHAHALLOYS,EQ
8727,SHAILY,EQ
10683,SHAIVAL,SM
25574,SHAKTIPUMP,EQ
714,SHALBY,EQ
15342,SHALPAINTS,EQ
20321,SHANKARA,EQ
5650,SHANTI,EQ
3078,SHANTIGEAR,EQ
4992,SHARDACROP,EQ
10530,SHARDAMOTR,EQ
104,SHAREINDIA,EQ
17044,SHARIABEES,EQ
5068,SHEMAROO,EQ
8394,SHIGAN,SM
15883,SHIL,EQ
17752,SHILPAMED,EQ
7016,SHIVALIK,EQ
13756,SHIVAMAUTO,EQ
1497,SHIVAMILLS,EQ
804,SHIVATEX,EQ
13446,SHIVAUM,SM
11212,SHK,EQ
11813,SHOPERSTOP,EQ
708,SHRADHA,EQ
3099,SHREDIGCEM,EQ
3103,SHREECEM,EQ
10588,SHREEPUSHK,EQ
7627,SHREERAMA,EQ
11149,SHRENIK,EQ
3126,SHREYANIND,EQ
3129,SHREYAS,EQ
17190,SHRIPISTON,BE
11739,SHRIRAMCIT,EQ
7200,SHRIRAMPPS,EQ
6451,SHUBHLAXMI,SM
10188,SHYAMCENT,EQ
4693,SHYAMMETL,EQ
13741,SHYAMTEL,BE
6368,SICAL,EQ
3148,SIDDHIKA,SM
3150,SIEMENS,EQ
6663,SIGACHI,EQ
4522,SIGIND,EQ
662,SIGMA,SM
6218,SIKKO,EQ
11298,SIL,BE
2492,SILGO,EQ
4105,SILINV,EQ
19097,SILLYMONKS,EQ
8003,SILVER,EQ
551,SILVERTUC,SM
14612,SIMBHALS,EQ
9331,SIMPLEXINF,BE
381,SINTERCOM,EQ
11050,SIRCA,EQ
21501,SIS,EQ
14001,SITINET,BE
14096,SIYSIL,EQ
6643,SJS,EQ
18883,SJVN,EQ
3186,SKFINDIA,EQ
9428,SKIPPER,EQ
4732,SKMEGGPROD,EQ
1123,SKSTEXTILE,SM
9889,SMARTLINK,EQ
2320,SMCGLOBAL,EQ
3387,SMLISUZU,EQ
6843,SMLT,EQ
21551,SMSLIFE,EQ
14329,SMSPHARMA,EQ
847,SMVD,SM
4843,SNOWMAN,EQ
13826,SOBHA,EQ
8268,SOFTTECH,BE
3672,SOLARA,EQ
13332,SOLARINDS,EQ
1231,SOLEX,SM
3880,SOMANYCERA,EQ
9104,SOMATEX,BE
17794,SOMICONVEY,EQ
4684,SONACOMS,EQ
13616,SONAHISONA,SM
8806,SONAMCLOCK,EQ
6596,SONATSOFTW,EQ
13076,SORILINFRA,EQ
3021,SOTL,EQ
5948,SOUTHBANK,EQ
9678,SOUTHWEST,EQ
18252,SPAL,EQ
11435,SPANDANA,EQ
14788,SPARC,EQ
27107,SPECIALITY,EQ
5060,SPECTRUM,SM
8163,SPENCERS,EQ
3252,SPIC,EQ
11446,SPICEJET,EQ
11935,SPLIL,EQ
3321,SPMLINFRA,EQ
8521,SPRL,SM
21466,SPTL,BE
31837,SREEL,EQ
3267,SREINFRA,EQ
3273,SRF,EQ
14582,SRHHYPOLTD,EQ
20993,SRIRAM,SM
140,SRPL,EQ
4306,SRTRANSFIN,EQ
2686,SSINFRA,SM
11829,SSWL,EQ
7374,STAR,EQ
21091,STARCEMENT,EQ
7083,STARHEALTH,EQ
3291,STARPAPER,EQ
10948,STCINDIA,EQ
6803,STEELCAS,EQ
10406,STEELCITY,EQ
21339,STEELXIND,EQ
21484,STEL,EQ
4299,STERTOOLS,EQ
9309,STLTECH,EQ
2107,STOVEKRAFT,EQ
5186,STYLAMIND,EQ
9666,SUBCAPCITY,BE
967,SUBEXLTD,EQ
3324,SUBROS,EQ
3327,SUDARSCHEM,EQ
20790,SUMEETINDS,EQ
17105,SUMICHEM,EQ
11140,SUMIT,EQ
21275,SUMMITSEC,EQ
29008,SUNCLAYLTD,EQ
18931,SUNDARAM,EQ
3339,SUNDARMFIN,EQ
2183,SUNDARMHLD,EQ
4179,SUNDRMBRAK,EQ
3345,SUNDRMFAST,EQ
3348,SUNFLAG,EQ
3351,SUNPHARMA,EQ
17641,SUNTECK,EQ
13404,SUNTV,EQ
20616,SUPERHOUSE,EQ
8931,SUPERSPIN,BE
11689,SUPRAJIT,EQ
1401,SUPREMEENG,BE
3363,SUPREMEIND,EQ
15002,SUPREMEINF,EQ
7390,SUPRIYA,EQ
21077,SURANASOL,EQ
10700,SURANAT&P,EQ
8513,SURANI,SM
11852,SURYALAXMI,EQ
3375,SURYAROSNI,EQ
2970,SURYODAY,EQ
13801,SUTLEJTEX,EQ
638,SUULD,EQ
11233,SUVEN,EQ
17945,SUVENPHAR,EQ
2998,SUVIDHAA,EQ
12018,SUZLON,EQ
3262,SVLL,SM
5020,SVPGLOB,EQ
27095,SWANENERGY,EQ
8608,SWARAJ,SM
3384,SWARAJENG,EQ
11909,SWELECTES,EQ
12489,SWSOLAR,EQ
24190,SYMPHONY,EQ
10243,SYNGENE,EQ
3396,TAINWALCHM,EQ
9354,TAJGVK,EQ
14917,TAKE,EQ
13648,TALBROAUTO,EQ
13976,TANLA,EQ
2117,TARACHAND,SM
1581,TARC,EQ
14771,TARMAT,EQ
6943,TARSONS,EQ
20092,TASTYBITE,EQ
3405,TATACHEM,EQ
724,TATACOFFEE,EQ
3721,TATACOMM,EQ
3432,TATACONSUM,EQ
3411,TATAELXSI,EQ
1621,TATAINVEST,EQ
3423,TATAMETALI,EQ
3456,TATAMOTORS,EQ
16965,TATAMTRDVR,EQ
3426,TATAPOWER,EQ
3499,TATASTEEL,EQ
1639,TATASTLLP,EQ
5162,TATVA,EQ
27037,TBZ,EQ
10580,TCI,EQ
23456,TCIDEVELOP,BE
19223,TCIEXP,EQ
4172,TCNSBRANDS,EQ
184,TCPLPACK,EQ
11536,TCS,EQ
25178,TDPOWERSYS,EQ
12716,TEAMLEASE,EQ
6462,TECH,EQ
25190,TECHIN,EQ
13538,TECHM,EQ
6445,TECHNOE,EQ
7105,TEGA,EQ
21131,TEJASNET,EQ
3275,TEMBO,EQ
19292,TERASOFT,EQ
11549,TEXINFRA,EQ
18214,TEXMOPIPES,EQ
21828,TEXRAIL,EQ
3466,TFCILTD,EQ
14319,TFL,EQ
14611,TGBHOTELS,BE
18118,THANGAMAYL,EQ
21427,THEINVEST,EQ
28842,THEJO,SM
14485,THEMISMED,EQ
3475,THERMAX,EQ
3481,THOMASCOOK,EQ
31021,THOMASCOTT,BE
17032,THYROCARE,EQ
19196,TI,EQ
14019,TIDEWATER,EQ
14223,TIIL,EQ
312,TIINDIA,EQ
25482,TIJARIA,EQ
3484,TIL,EQ
7800,TIMESCAN,SM
10717,TIMESGTY,EQ
14707,TIMETECHNO,EQ
14198,TIMKEN,EQ
3493,TINPLATE,EQ
9121,TIPSINDLTD,BE
3496,TIRUMALCHM,EQ
21868,TIRUPATI,SM
22282,TIRUPATIFL,EQ
3506,TITAN,EQ
19205,TMRVL,EQ
3509,TNPETRO,EQ
3980,TNPL,EQ
9884,TNTELE,BE
3837,TOKYOPLAST,EQ
3518,TORNTPHARM,EQ
13786,TORNTPOWER,EQ
22423,TOTAL,EQ
16908,TOUCHWOOD,EQ
9219,TPLPLASTEH,EQ
21260,TRANSWIND,SM
25082,TREEHOUSE,EQ
7518,TREJHARA,EQ
1964,TRENT,EQ
17991,TRF,BE
9689,TRIDENT,BE
5428,TRIGYN,EQ
15174,TRIL,EQ
25584,TRITURBINE,EQ
13081,TRIVENI,EQ
11369,TTKHLTCARE,EQ
3546,TTKPRESTIG,EQ
14314,TTL,EQ
8954,TTML,EQ
14208,TV18BRDCST,EQ
11265,TVSELECT,EQ
8479,TVSMOTOR,EQ
14245,TVSSRICHAK,EQ
11275,TVTODAY,EQ
15414,TWL,EQ
16713,UBL,EQ
3570,UCALFUEL,EQ
4212,UCL,SM
11223,UCOBANK,EQ
7276,UDAICEMENT,EQ
1053,UFLEX,EQ
9039,UFO,EQ
19578,UGARSUGAR,EQ
5313,UGROCAP,EQ
25536,UJAAS,EQ
17069,UJJIVAN,EQ
15228,UJJIVANSFB,EQ
11532,ULTRACEMCO,EQ
8845,UMAEXPORTS,BE
11387,UMANGDAIRY,EQ
19145,UMESLTD,BE
3579,UNICHEMLAB,EQ
201,UNIDT,EQ
11293,UNIENTER,EQ
7797,UNIINFO,BE
10753,UNIONBANK,EQ
7564,UNITEDPOLY,BE
17999,UNITEDTEA,EQ
18977,UNIVASTU,EQ
3607,UNIVCABLES,EQ
17659,UNIVPHOTO,EQ
11287,UPL,EQ
2322,URAVI,SM
20203,URJA,EQ
8840,USHAMART,EQ
527,UTIAMC,EQ
21478,UTINEXT50,EQ
9168,UTISXN50,EQ
3634,UTTAMSTL,EQ
13376,UTTAMSUGAR,EQ
5945,UWCSL,SM
14766,V2RETAIL,EQ
24196,VADILALIND,EQ
11364,VAIBHAVGBL,EQ
16621,VAISHALI,BE
13342,VAKRANGEE,EQ
330,VALIANTORG,EQ
11220,VARDHACRLC,EQ
3646,VARDMNPOLY,EQ
3857,VARROC,EQ
18110,VASCONEQ,EQ
25340,VASWANI,EQ
18921,VBL,EQ
9020,VCL,EQ
3063,VEDL,EQ
3757,VENKEYS,EQ
13859,VENUSREM,EQ
2666,VERA,SM
8904,VERANDA,BE
18863,VERTOZ,EQ
3676,VESUVIUS,EQ
8652,VETO,EQ
15362,VGUARD,EQ
11892,VHL,EQ
13536,VIDHIING,EQ
5585,VIJAYA,EQ
17691,VIJIFIN,EQ
25756,VIKASECO,EQ
9931,VIKASLIFE,EQ
12148,VIKASPROP,EQ
3688,VIKASWSP,EQ
13101,VIMTALABS,EQ
17364,VINATIORGA,EQ
3694,VINDHYATEL,EQ
3807,VINEETLAB,EQ
5643,VINNY,SM
16821,VINYLINDIA,EQ
14847,VIPCLOTHNG,BE
3703,VIPIND,EQ
8437,VIPULLTD,BE
4221,VISAKAIND,EQ
13298,VISASTEEL,BE
7303,VISESHINFO,EQ
11773,VISHAL,EQ
6917,VISHNU,BE
13702,VISHWARAJ,EQ
29877,VIVIDHA,EQ
11965,VIVIMEDLAB,EQ
7610,VIVO,SM
3715,VLSFINANCE,EQ
3188,VMARCIND,SM
29284,VMART,EQ
13577,VOLTAMP,EQ
3718,VOLTAS,EQ
8696,VRLLOG,EQ
20973,VSCL,SM
27067,VSSL,EQ
3724,VSTIND,EQ
24292,VSTTILLERS,EQ
2073,VTL,EQ
20188,WABAG,EQ
9079,WALCHANNAG,BE
5013,WALPAR,SM
14067,WANBURY,BE
3745,WATERBASE,EQ
1933,WEALTH,BE
14606,WEBELSOLAR,BE
3748,WEIZMANIND,EQ
11821,WELCORP,EQ
11626,WELENT,EQ
19800,WELINV,EQ
11253,WELSPUNIND,EQ
4235,WENDT,EQ
11580,WESTLIFE,EQ
21492,WEWIN,SM
7837,WFL,BE
3766,WHEELS,EQ
18011,WHIRLPOOL,EQ
3772,WILLAMAGOR,EQ
5366,WINDLAS,EQ
24969,WINDMACHIN,EQ
12052,WINPRO,EQ
20491,WIPL,BE
3787,WIPRO,EQ
7506,WOCKPHARMA,EQ
3002,WONDERLA,EQ
22277,WORTH,EQ
3799,WSTCSTPAPR,EQ
11705,XCHANGING,EQ
8477,XELPMOC,EQ
11410,XPROINDIA,BE
24999,YAARI,EQ
11915,YESBANK,EQ
5501,YUKEN,EQ
3812,ZEEL,EQ
20852,ZEELEARN,EQ
14003,ZEEMEDIA,EQ
8802,ZENITHEXPO,BE
14562,ZENITHSTL,EQ
1076,ZENSARTECH,EQ
7508,ZENTEC,EQ
16915,ZFCVINDIA,EQ
7138,ZODIAC,BE
3821,ZODIACLOTH,EQ
5097,ZOMATO,EQ
11394,ZOTA,EQ
29050,ZUARI,EQ
3827,ZUARIGLOB,EQ
7929,ZYDUSLIFE,EQ
17635,ZYDUSWELL,EQ
